{"5dHr1JyW1GHYJkSmlcKTDw==":"gtl-%20chiro-96x96.png","IaoUaLXJndpDZnINtqljrg==":"gtl-%20chiro-96x96.png","dQJnxpgcB7jbiiANfK4lOA==":"gtl-%20chiro-96x96.png","iXut6hyzSVEaKFQ4D7avOQ==":"mbr-1920x1280.jpg","ALDixkOaZZ3hrNLRkRIEdQ==":"mbr-1920x1281.jpg","5eL3a6iaxSfYyd6aG2Es1A==":"mbr-1-1920x1280.jpg","y5GvVbRXc8TwXYJJTqBebA==":"mbr-1920x1200.jpg","Cue92nzz+LMVY0LQDNZ7mw==":"gtl%20logo-91x91.png","c9O8cmAzZKURisIVS/yCLQ==":"gtl%20logo-183x184.png","wJ1t24TKZ/yh5EmkVcB5sQ==":"1-696x696.png","5ahf8RZ7ZUW79z2IiMrziw==":"2-696x696.png","NzwPyIavHMYvzSQLOArTgw==":"3-696x696.png","yXhlgoqzb6vPDMxLuLYeRQ==":"mbr-2-1920x1280.jpg","+Zix+WoPU0/95cFIBPM2/A==":"mbr-3-1920x1280.jpg","f3LF+WrcYrMH3v3mOIvlJw==":"mbr-4-1920x1280.jpg","cUnCHAFckUNOphpmpJymIA==":"mbr-579x775.jpg","rDa+GMJd23SrwXFgyEHHaQ==":"mbr-579x775.jpeg","u9prnm8p5+l4f+6zDQgMfA==":"mbr-579x869.jpg","wpLFvh7ljJXYVuDSaCO4mw==":"mbr-579x869.jpeg","bsZx/RCoUSoEozXiEIankQ==":"mbr-579x386.jpg","SNZF+NBpzjjsNrG6UVdvnA==":"mbr-579x386.jpeg","tQOvR8eeNeVjJP6JB23Hug==":"untitled%20design%20(1)-847x476.png","pZSsZMRMQ4KkGwbtWtChzQ==":"untitled%20design%20(1)%20copy-510x287.png","oJQdtKQ2bdLajZtjcIzUUA==":"background3.jpg","FMwL0jvRWCa3UcDHnWdqhQ==":"untitled%20design%20(1)%20copy-745x419.png","RToVnRPbyDMaSGwD+As5nQ==":"untitled%20design%20(1)%20copy%202-2000x1125.png","bteXaDpfl1wgUYvpQ/IUsQ==":"untitled%20design%20(1)%20copy%203-2000x1125.png","rhXqD/2yMHHURSv0DpBMQQ==":"untitled%20design%20(1)%20copy%204-2000x1125.png","+vPL7ir/P6bFVfSwnnAG2Q==":"untitled%20design%20(1)%20copy%205-1023x575.png","tZt9Ff6X0C/zYdbO/RQniQ==":"untitled%20design%20(1)%20copy%203-1023x575.png","+z89BoRrvC3Q2XcWkJ9F0g==":"mbr-1-579x869.jpeg","XYM0bGHAX2/wr503BoK9hg==":"mbr-2-579x869.jpeg","YZ+B/3+dZJhMtnlnpZS2vQ==":"6-668x668.png","Z67GOb6NNTLeMrGsEEZ6Gw==":"4-668x668.png","wHTtCLJKGGaDr3WyCvj7Ow==":"5-668x668.png","DyVjXDtxkUu4eig5VB/+QQ==":"3-668x668.png","UoRrikrMUB0HMaoQofLslw==":"7-32x32.png","NMFYA5EcZTvLaTNN9WRUaQ==":"3-748x748.png","O74pL1J75YXhDhVCSRWm/w==":"7-748x748.png","9dcxUBkOOvRSDesdz6mKxw==":"2-748x499.png","6Pz59TmfkAGcQdWM6LLG0g==":"5-698x465.png","wr0+ThTwlgOsZIK507XxDg==":"1-698x465.png","RVxn8kyLZqvfcdOOohtXMA==":"6-698x465.png","CiCaV40wT1Q6twTaf0FHNQ==":"3-698x465.png","G6ydA2/UQpYAjgiD6nza/A==":"4-698x465.png","umJtoer3qT94LMIu5zf/ng==":"gtl-%20chiro-121x121.png","eP4nGM1wrxZ4wPrpK/ov6Q==":"gtl-%20chiro-190x190.png","tH21J8eMwzwOzCaWUc0bdg==":"8-742x495.png","obYeCrmGV0IbWd/OPilIyQ==":"10-742x495.png","Q+9apm262rcXBxdF+AZCsg==":"9-742x495.png","0e+G+paAQup3iC/toLRnHg==":"screen%20shot%202020-12-23%20at%207.29.25%20am-1950x1266.png","FaAYQyU47LEEiXJCqxfxbQ==":"background2.jpeg","mxD5UoIOuAd3bmkJ8Oh8zg==":"screen%20shot%202020-12-23%20at%207.29.25%20am-1950x1266.png","ii4jMbFe3GHpxA7IFkbLdQ==":"screen%20shot%202020-12-23%20at%207.29.25%20am-1950x1266.png","fniIgkbZ4ay0v27BXD7Ojw==":"screen%20shot%202020-12-23%20at%207.29.25%20am-1950x1266.png","g65rBEz36wM4LKVL1OwRBg==":"mbr-935x623.jpg","mdJB85pnzj9HDsB1ckL8Ig==":"7-802x515.png","0oUfL2zEMsQO9cr9JOhE7w==":"screen%20shot%202021-01-11%20at%201.19.04%20pm-773x582.png","+3UXYVdT5AYUv4O2Ooaitw==":"screen%20shot%202021-01-11%20at%201.19.04%20pm-773x582.png","UZjvu2SAJUJhVAVBaDe6cw==":"screen%20shot%202021-01-11%20at%201.19.04%20pm-773x582.png","7vw8LH2xOE6w0MerueyYZQ==":"background4.jpg","C45rG7i8K6UJv/HBR35X1w==":"6-541x347.png","6e/iJcEz/lx3s8mpVMsGVQ==":"6-2000x1284.png","GMtp66sxN95XT3LnNTB6Mg==":"facebook%20ads%20instagram%20ads%20web%20design%20landing%20page%20social%20media%20marketing-541x962.png","uvohhxWR9yVMwLltavAtug==":"screen%20shot%202021-01-11%20at%201.19.04%20pm-671x505.png","gwmzrA6+e6FIMkoC7bvXbA==":"mbr-676x450.jpg","bZnjTbZvZy0ZD9QS+7HwmA==":"5-2000x1284.png","CpbwRCMjsrkLZ4AoIW3TEg==":"1-2000x1284.png","pAHj9sqQk/tVTa8mnALgMw==":"1-1-2000x1284.png","2aFHbDxKiUkLC2KVDpLHTQ==":"2-2000x1284.png","OU81tmHrJlBOqPDQY1K5Tg==":"6-1-2000x1284.png","o6VLzqYBbAV9ymNH3ssmEQ==":"1-2-2000x1284.png","9IlBD7w5b6uujEmXoZumuw==":"untitled%20design%20(3)-190x190.png","zqs2PnFopPO/zaef8IS8Xw==":"1-3-2000x1284.png","9+LJUHrSiURP2uykhFjg1w==":"1-4-2000x1284.png","MeghcsAlkUyRDJUEoUdNmA==":"3-2000x1284.png","YWx2kw5+1AufmrrNX290Sw==":"1-5-2000x1284.png","1lTFl139NMt8Q7DrzRJhcQ==":"gethatlead-304x304.png","Yo2YZcYNEs7F2ygKcRJ41w==":"gethatlead-1-304x304.png","frxZ+o+1wht3ubbAqmnWjA==":"gethatlead-608x608.png","dCNp3gH4TOJqspRESxyqrw==":"gethatlead-1-608x608.png","OSE4sNeg7IedcTu44XBaKA==":"untitled%20design%20(2)-972x972.png","WAM43jz5iEvvU5tKDjApMg==":"gethatlead-2-304x304.png","9Op/OjV3+Gl3CaSWyhVksw==":"untitled%20design%20(4)-388x388.png","XJXksUKrqO1sAZyviyLwZA==":"untitled%20design%20(4)-388x388.png","uHFQjbVN+vhQoGCscw7s3A==":"untitled%20design%20(4)-388x388.png","As4DzovT/ZwYmYbb9NBVXQ==":"untitled%20design%20(4)-538x538.png","9cxaISfkOYDC24n2uXJg+g==":"untitled%20design%20(4)-538x538.png","q/vJrjy66sKqER+CWO7neg==":"untitled%20design%20(4)-538x538.png","90kNH2ybXgl/GwCAfkHXfQ==":"untitled%20design%20(4)-538x538.png","N4w0ZRCsuEsgPZ94j4YUHw==":"untitled%20design%20(4)-464x464.png","nbcJkJupyXSUVuw5nJvnlg==":"untitled%20design%20(4)-464x464.png","Y0jYmeJrFAxblpd2GmbcvA==":"untitled%20design%20(4)-464x464.png","ORHBlL348ZlQqqp+7suv+Q==":"pink%20and%20purple%20sporty%20gradient%20fitness%20youtube%20thumbnail-1270x714.png","OMH/yZrlPYKRaQsP0+Xg5A==":"untitled%20design%20(4)-464x464.png","rKkPrPFxml1O3V8tnNf0wA==":"gtl-chiro-128x128.png","3342Q3/S7YIIEPVZ9xvkZg==":"pink%20and%20purple%20sporty%20gradient%20fitness%20youtube%20thumbnail%20(1)-1270x714.png","JJEsfUsGpqKa+EYqrOOqqQ==":"background8.jpg","mXUMVsbR1RM1IoqeSYugGg==":"untitled%20design%20(2)-1352x310.png"}